时间,事件ID,参与角色,事件类型,关键摘要,情感强度,关联锚点,压缩状态,生成标记
2025-08-26傍晚,MEM-20250826-001,PC+仁木悠,抵达日本,独自抵达成田机场，面临前往东京市区的选择，感受到轻微孤独和紧张,中,ANCHOR-20250826-001,已压缩,历史重构
2025/8/26 18:10,MEM-20250826-002,PC+仁木悠+店员,机场安顿,连接机场WiFi查询路线，便利店购买食物饮料，缓解旅途饥渴,低,,未压缩,历史重构
2025/8/26 18:10,MEM-20250826-003,PC+仁木悠+JR店员,交通准备,购买Suica西瓜卡充值1万日元并绑定Apple Pay，解决基础交通问题,低,,未压缩,历史重构
2025/8/26 18:40,MEM-20250826-004,PC+仁木悠+Docomo店员,通信建立,购买Docomo游客SIM卡30天5GB套餐，解决临时通信需求,中,ANCHOR-20250826-002,已压缩,历史重构
2025/8/26 19:05,MEM-20250826-005,PC+仁木悠,电车旅途,乘坐成田特快前往新宿，途中注册LINE、设置日语输入法、熟悉周边环境,中,,未压缩,历史重构
2025/8/26 20:15,MEM-20250826-006,PC+仁木悠,抵达宿舍,到达高田马场宿舍完成入住手续，确认房间设施和居住条件,中,ANCHOR-20250826-003,已压缩,历史重构
2025/8/26 20:50,MEM-20250826-007,PC+仁木悠+便利店员,生活采购,在7-Eleven购买洗漱用品和食物，完成基础生活物资准备,低,,未压缩,历史重构
2025/8/26 22:45,MEM-20250826-008,PC+仁木悠,休息调整,进行15分钟伸展放松，整理睡眠环境，结束第一天日本生活,低,,未压缩,历史重构
2025-08-27 早晨,MEM-20250827-001,PC,日常,起床、洗漱、拉伸、早餐、计划当天行程,低,,未压缩,历史重构
2025-08-27 上午,MEM-20250827-002,PC+学校工作人员,学校,前往学校报到，办理入学手续，熟悉校园环境,中,,未压缩,历史重构
2025-08-27 上午,MEM-20250827-003,PC+佐藤美咲,社交,在校园公告板前遇到佐藤美咲，结伴出行,高,ANCHOR-20250827-001,已压缩,历史重构
2025-08-27 中午,MEM-20250827-004,PC+佐藤美咲,购物,一起逛书店，购买漫画《四叶草！》，办会员卡,中,ANCHOR-20250827-001,已压缩,历史重构
2025-08-27 中午,MEM-20250827-005,PC+佐藤美咲,购物,文具店购物，佐藤为朋友买东西，PC购买文具,中,ANCHOR-20250827-001,已压缩,历史重构
2025-08-27 中午,MEM-20250827-006,PC+佐藤美咲,社交,在咖啡馆午餐，交流兴趣和计划，PC请客,高,ANCHOR-20250827-001,已压缩,历史重构
2025-08-27 下午,MEM-20250827-007,PC+佐藤美咲,社交,交换Line联系方式，约定未来联系,高,ANCHOR-20250827-001,已压缩,历史重构
2025-08-27 下午,MEM-20250827-008,PC,健身,办理健身房会员卡，进行胸部基础训练,中,ANCHOR-20250827-002,已压缩,历史重构
2025-08-27 傍晚,MEM-20250827-009,PC,日常,回宿舍准备健身餐，营养均衡,低,,未压缩,历史重构
2025-08-27 夜晚,MEM-20250827-010,PC,总结,总结一天活动，发消息感谢佐藤，计划明天,中,,未压缩,历史重构
2025-08-28 早晨,MEM-20250828-001,PC+佐藤美咲,社交,PC回复佐藤Line消息，约定9点学校正门见面，表达同行意愿。,中,ANCHOR-20250828-001,已压缩,历史重构
2025-08-28 上午,MEM-20250828-002,PC+川上纱英+佐藤美咲,社交,PC与佐藤和川上会合，首次见到川上，前往秋叶原。,中,ANCHOR-20250828-002,已压缩,历史重构
2025-08-28 上午,MEM-20250828-003,PC+川上纱英+佐藤美咲,购物,PC在秋叶原电脑店采购笔记本电脑，展示硬件知识，观察NPC反应。,中,ANCHOR-20250828-003,已压缩,历史重构
2025-08-28 午前晚些,MEM-20250828-004,PC+川上纱英+佐藤美咲,社交,PC请客甜点，观察两位女生用餐习惯和社交距离，轻松互动。,中,ANCHOR-20250828-004,已压缩,历史重构
2025-08-28 中午,MEM-20250828-005,PC+川上纱英+佐藤美咲,社交,午餐时PC用视线与佐藤交流，讨论结账方式，建立信任。,中,ANCHOR-20250828-005,已压缩,历史重构
2025-08-28 下午,MEM-20250828-006,PC+川上纱英+佐藤美咲,社交,PC陪伴川上采购美术用品，自然获取川上Line联系方式。,高,ANCHOR-20250828-006,已压缩,历史重构
2025-08-28 傍晚,MEM-20250828-007,PC+川上纱英+佐藤美咲,社交,PC与两位女生返回学校，礼貌告别，观察告别方式。,低,,未压缩,历史重构
2025-08-28 夜晚,MEM-20250828-008,PC+川上纱英+佐藤美咲,学习健身,PC测试电脑、健身、发Line消息感谢佐藤和川上，结束一天。,中,ANCHOR-20250828-007,已压缩,历史重构
2025-08-29 早上,MEM-20250829-001,PC+佐藤美咲,社交互动,PC与佐藤通过LINE讨论今日计划，佐藤表达关心并询问行程,中,ANCHOR-20250829-001,已压缩,历史重构
2025-08-29 上午,MEM-20250829-002,PC+川上纱英+佐藤美咲,社团探索,PC参观棒球社，观察社团实力和招新要求，评估自身条件,低,,未压缩,历史重构
2025-08-29 上午,MEM-20250829-003,PC+藤井夏希+川上纱英+佐藤美咲,技能展示,PC在轻音社演奏《Cliffs of Dover》吉他solo，震撼在场成员，展示专业水平,高,ANCHOR-20250829-002,已压缩,历史重构
2025-08-29 中午,MEM-20250829-004,PC+川上纱英+佐藤美咲,梦想分享,午餐中PC谈论游戏制作梦想，整合音乐、美术和剧情，引发佐藤和川上兴趣,中,ANCHOR-20250829-003,已压缩,历史重构
2025-08-29 下午,MEM-20250829-005,PC,个人训练,PC在棒球打击道进行300次击球训练，专注技巧和身体疲劳管理,低,,未压缩,历史重构
2025-08-29 夜晚,MEM-20250829-006,PC+藤井夏希+川上纱英+佐藤美咲,社交维护,PC发送LINE消息给藤井、佐藤和川上，维护关系并表达感谢和玩笑,中,,未压缩,历史重构
2025-08-30-早上,MEM-20250830-001,PC+藤井夏希+佐藤美咲+川上纱英,社交,PC收到三位女性LINE回复，确认轻音社活动与画工挑战约定,中,ANCHOR-20250830-001,已压缩,历史重构
2025-08-30-上午,MEM-20250830-002,PC+小林萌香+山口樱子,社交,PC观察棒球社训练，结识见习经理小林萌香，约定周一评估,中,ANCHOR-20250830-002,已压缩,历史重构
2025-08-30-上午,MEM-20250830-003,PC+高桥枫,事业,PC探查电脑研究部，观察到高桥枫专注编程，加入Discord服务器,低,ANCHOR-20250830-003,已压缩,历史重构
2025-08-30-中午,MEM-20250830-004,PC+藤井夏希,社交,PC确认轻音社下午排练时间，规划行程安排,低,,未压缩,历史重构
2025-08-30-下午,MEM-20250830-005,PC+藤井夏希+清水结衣+杉山拓海+石川+田中,事业,PC观摩轻音社完整乐队排练，专业评估各成员技术水平,中,ANCHOR-20250830-004,已压缩,历史重构
2025-08-30-下午,MEM-20250830-006,PC+藤井夏希+清水结衣,社交,PC与轻音社两位女性成员交流，了解音乐偏好与主唱压力,中,,未压缩,历史重构
2025-08-30-下午,MEM-20250830-007,PC+川上纱英,情感,PC与川上进行画工挑战，以猫视角创作引发强烈情感共鸣,高,ANCHOR-20250830-005,已压缩,历史重构
2025-08-30-下午,MEM-20250830-008,PC+川上纱英,社交,"PC潇洒离开画室，调侃""抱着画睡觉""加深暧昧氛围",高,,未压缩,历史重构
2025-08-30-晚上,MEM-20250830-009,PC+佐藤美咲+川上纱英,社交,PC完成训练购买漫画，与佐藤分享，收到川上LINE回复,中,,未压缩,历史重构
2025-08-31 早晨,MEM-20250831-001,PC+川上纱英,社交互动,"PC回复川上LINE""👌""表情，维持画工挑战后的微妙氛围",中,ANCHOR-20250831-001,已压缩,历史重构
2025-08-31 上午,MEM-20250831-002,PC+高桥枫,技术共鸣,PC指出高桥游戏动画问题，展现游戏设计洞察力,高,ANCHOR-20250831-002,已压缩,历史重构
2025-08-31 上午,MEM-20250831-003,PC+高桥枫,专业讨论,深入分析2D平台游戏移动系统与心流设计原理,高,ANCHOR-20250831-002,已压缩,历史重构
2025-08-31 上午,MEM-20250831-004,PC+高桥枫,合作确立,PC坦诚技术短板，观摩编程过程，约定周五Unity工作坊,中,ANCHOR-20250831-002,已压缩,历史重构
2025-08-31 上午,MEM-20250831-005,PC+高桥枫,健康关怀,PC提醒高桥坐姿问题，展现细心特质,低,ANCHOR-20250831-002,已压缩,历史重构
2025-08-31 下午,MEM-20250831-006,PC,技能训练,系统棒球训练：投球控球顶级，球速112km/h，守备优秀,中,ANCHOR-20250831-003,已压缩,历史重构
2025-08-31 夜晚,MEM-20250831-007,PC+多角色,社交拓展,注册Twitter发布训练成果，建立公开社交窗口,低,,未压缩,历史重构
2025-09-01 早晨,MEM-20250901-001,PC,个人状态,PC发布开学推文适度示弱，塑造真实转校生形象,低,,未压缩,历史重构
2025-09-01 上午,MEM-20250901-002,PC+川上紗英+佐藤美咲+星野遥,社交观察,开学典礼川上回避反应确认破冰临界，星野遥作为学生会长正式登场,高,ANCHOR-20250901-001,已压缩,历史重构
2025-09-01 上午,MEM-20250901-003,PC,信息整合,PC系统记录课程表、社团时间、学校管理架构，展现前世管理经验,低,,未压缩,历史重构
2025-09-01 中午,MEM-20250901-004,PC+川上紗英+佐藤美咲,关系推进,PC成功邀约午餐，对川上使用昵称调侃降低社交门槛，对佐藤保持引导节奏,高,ANCHOR-20250901-002,已压缩,历史重构
2025-09-01 中午,MEM-20250901-005,PC+川上紗英+佐藤美咲,信息收集,午餐中收集两位女生学习、社团、外表数据，透露棒球测试计划,中,ANCHOR-20250901-002,已压缩,历史重构
2025-09-01 下午,MEM-20250901-006,PC,技能发展,日语课采用高效查漏补缺策略，确认语言能力快速提升通道,低,,未压缩,历史重构
2025-09-01 傍晚,MEM-20250901-007,PC+山口樱子+小林萌香,能力展示,棒球部入部测试完美展现顶级控球、可靠守备及稳定打击能力,高,ANCHOR-20250901-003,已压缩,历史重构
2025-09-01 夜晚,MEM-20250901-008,PC+多位角色,社交维护,PC向佐藤、藤井、高桥发送针对性LINE消息，巩固各关系线,中,,未压缩,历史重构
2025-09-02 早晨,MEM-20250902-001,PC+川上纱英,社交动态,PC晨间例行发现川上LINE已读不回，维持常态策略,低,,未压缩,历史重构
2025-09-02 上午,MEM-20250902-002,PC+佐藤美咲+川上纱英,社交互动,PC与川上课堂互动稳固平台期，与佐藤保持优雅距离,中,ANCHOR-20250902-001,已压缩,历史重构
2025-09-02 中午,MEM-20250902-003,PC+佐藤美咲+川上纱英,关系推进,午餐中PC谨慎回应棒球部询问，与川上进行清爽玩笑互动,中,ANCHOR-20250902-002,已压缩,历史重构
2025-09-02 下午,MEM-20250902-004,PC+佐藤美咲+川上纱英,角色观察,体育课PC观察并细化两女外貌特征，展示身体素质,中,ANCHOR-20250902-003,已压缩,历史重构
2025-09-02 傍晚,MEM-20250902-005,PC+佐藤美咲,社团活动,PC参观漫研社洞察佐藤创作理念，评估社团水平,中,ANCHOR-20250902-004,已压缩,历史重构
2025-09-02 夜晚,MEM-20250902-006,PC,技能提升,PC解锁四缝线快速球训练，球速达110-115km/h潜力,低,ANCHOR-20250902-005,已压缩,历史重构
2025-09-03 早上,MEM-20250903-001,PC+佐藤美咲,社交互动,PC发送LINE称赞佐藤认真一面，佐藤害羞回应期待作品,中,,未压缩,历史重构
2025-09-03 中午,MEM-20250903-002,PC+佐藤美咲+川上紗英+藤井夏希,群体社交,PC成功邀请三女共进午餐，平稳处理川上平台期,高,ANCHOR-20250903-001,已压缩,历史重构
2025-09-03 下午,MEM-20250903-003,PC+藤井夏希+高桥枫,观察记录,体育课观察藤井和高桥的身体特征数据,低,,未压缩,历史重构
2025-09-03 下午,MEM-20250903-004,PC,社交影响,"班级知名度提升，建立""多才多艺国际生""形象",中,,未压缩,历史重构
2025-09-03 傍晚,MEM-20250903-005,PC+藤井夏希+清水结衣,社团突破,轻音社即兴合奏展示台风，探知清水野心，建立专业认可,高,ANCHOR-20250903-002,已压缩,历史重构
2025-09-03 傍晚,MEM-20250903-006,PC+藤井夏希,关系深化,晚餐照顾互动，约定周末选购吉他，确认宠爱关系,高,ANCHOR-20250903-003,已压缩,历史重构
2025-09-03 夜晚,MEM-20250903-007,PC,个人成长,完成健身训练，购买学习资料，社交平台互动维护,低,,未压缩,历史重构
2025-09-04 早上,MEM-20250904-001,PC+藤井夏希,社交,PC回复藤井夏希LINE摸摸头表情包，维持亲密互动。,中,,未压缩,历史重构
2025-09-04 早上,MEM-20250904-002,PC,规划,PC制定当日战略：情报收集、社团策略、关系处理、Unity学习。,低,,未压缩,历史重构
2025-09-04 早上,MEM-20250904-003,PC,学习,PC快速阅读Unity书，评估引擎能力，为合作做准备。,低,,未压缩,历史重构
2025-09-04 上午,MEM-20250904-004,PC+佐藤美咲+川上纱英,观察,PC观察同班女主状态：佐藤稳定，川上心不在焉但未回避。,中,,未压缩,历史重构
2025-09-04 中午,MEM-20250904-005,PC+佐藤美咲+川上纱英+藤井夏希,社交,PC引导午餐小组，与川上低压力交流美术话题，破冰进展。,高,ANCHOR-20250904-001,已压缩,历史重构
2025-09-04 下午,MEM-20250904-006,PC,学习,PC确认体育课（身体实践）与保健体育课（心理健康理论）的区别。,低,,未压缩,历史重构
2025-09-04 下午,MEM-20250904-007,PC+佐藤美咲+川上纱英,观察,PC在体育课观察女主身体状态：佐藤优美线条，川上活力身形。,中,,未压缩,历史重构
2025-09-04 傍晚,MEM-20250904-008,PC+高桥枫,技术,PC与高桥枫技术交流，点拨设计驱动开发理念，建立技术依赖。,高,ANCHOR-20250904-002,已压缩,历史重构
2025-09-04 傍晚,MEM-20250904-009,PC+高桥枫,关怀,PC为高桥倒水并提醒休息，植入健康管理概念。,中,ANCHOR-20250904-002,已压缩,历史重构
2025-09-04 夜晚,MEM-20250904-010,PC,训练,PC完成肩部训练、打击练习，四缝线快球控球提升至S级。,低,,未压缩,历史重构
2025-09-04 夜晚,MEM-20250904-011,PC,学习,PC阅读《四叶草！》第三册，分析佐藤喜好原因（理想创作平衡）。,低,,未压缩,历史重构
2025-09-05早上,MEM-20250905-001,PC+佐藤美咲,LINE交流,PC用文学隐喻回复《四叶草！》结局讨论，铺垫未来关系心态,中,ANCHOR-20250905-001,已压缩,历史重构
2025-09-05上午,MEM-20250905-002,PC+川上紗英+佐藤美咲,课堂观察,社会课专注学习日本家庭结构与一夫一妻制法律，川上对PC法律知识展现讶异,低,,未压缩,历史重构
2025-09-05中午,MEM-20250905-003,PC+佐藤美咲+川上紗英+藤井夏希,午餐社交,"成功组织三女午餐，引导""创作者联盟""雏形，川上出现破冰前兆",高,ANCHOR-20250905-002,已压缩,历史重构
2025-09-05下午,MEM-20250905-004,PC+川上紗英,体育互动,排球课非语言互动提升，从单向观察进入有限度双向回应,中,ANCHOR-20250905-003,已压缩,历史重构
2025-09-05下午,MEM-20250905-005,PC+佐藤美咲,信息咨询,确认学生证办理流程，维持日常互动流畅,低,,未压缩,历史重构
2025-09-05下午,MEM-20250905-006,PC+中村老师,学业规划,英语课获得教师推荐练习册和考卷路径，明确提升方向,低,,未压缩,历史重构
2025-09-05傍晚,MEM-20250905-007,PC+高桥枫+北原部长,社团活动,Unity工作坊建立管理者视角，为高桥协调资源解决电脑使用权限,高,ANCHOR-20250905-004,已压缩,历史重构
2025-09-05傍晚,MEM-20250905-008,PC+高桥枫,单独沟通,创造休息空间了解游戏目标，铺垫美术音乐协作可能性,中,ANCHOR-20250905-004,已压缩,历史重构
2025-09-05傍晚,MEM-20250905-009,PC+高桥枫,健康关怀,递送宝矿力水特建立健康关怀习惯，获取无糖乌龙茶偏好数据,中,ANCHOR-20250905-004,已压缩,历史重构
2025-09-05夜晚,MEM-20250905-010,PC+佐藤美咲,LINE邀约,发送明日单独出行邀约（办学生证+采购），创造生活协同感,中,ANCHOR-20250905-005,已压缩,历史重构
2025-09-06 上午,MEM-20250906-001,PC+佐藤美咲,情感输出,办理学生证时PC流露身份认同感和对初遇的感激,中,ANCHOR-20250906-001,未压缩,历史重构
2025-09-06 上午,MEM-20250906-002,PC+佐藤美咲,关系深化,超市采购中PC展示自律生活并使用黑卡结账植入背景反差,中,ANCHOR-20250906-001,未压缩,历史重构
2025-09-06 中午,MEM-20250906-003,PC+佐藤美咲,秘密共享,午餐时PC分享家族崩溃和重建背景故事，佐藤承诺保密,高,ANCHOR-20250906-001,已压缩,历史重构
2025-09-06 下午,MEM-20250906-004,PC+藤井夏希,宠溺互动,购琴过程中PC展现大哥哥式照顾，植入预算有限概念,中,ANCHOR-20250906-002,未压缩,历史重构
2025-09-06 傍晚,MEM-20250906-005,PC,信息收集,晚餐时PC收集藤井背景信息并植入后宫概念,中,ANCHOR-20250906-002,未压缩,历史重构
2025-09-06 傍晚,MEM-20250906-006,PC,情感突破,告别时PC亲昵挽发动作，藤井脸红心动,高,ANCHOR-20250906-002,已压缩,历史重构
2025-09-06 上午,MEM-20250907-001,PC-清水结衣,分析,分析清水结衣X账号历史，发现其“类人设”内容，更新行为逻辑和潜在动机。,中,ANCHOR-20250907-001,已压缩,历史重构
2025-09-06 上午,MEM-20250907-002,PC-星野遥,调查,收集星野遥信息，更新档案，发现其家庭背景、性格特点及潜在故事线。,中,ANCHOR-20250907-002,已压缩,历史重构
2025-09-06 上午,MEM-20250907-003,PC-佐藤美咲,社交,回复佐藤美咲和藤井夏希的早安消息，维持日常社交互动，关系稳定。,低,,未压缩,历史重构
2025-09-06 上午,MEM-20250907-004,PC-系统,学习,评估英语学习进度，制定自学计划，模拟考试得分92/100，信心提升。,中,ANCHOR-20250907-004,已压缩,历史重构
2025-09-06 上午,MEM-20250907-005,PC-系统,规划,生成女主角周常行为节奏表，优化日常安排，提高效率。,低,,未压缩,历史重构
2025-09-06 上午,MEM-20250907-006,PC-高桥枫,开发,评估高桥枫的Demo进度，制定游戏开发计划，确定美术和程序分工。,高,ANCHOR-20250907-006,已压缩,历史重构
2025-09-06 下午,MEM-20250907-007,PC-系统,训练,研究棒球配球，选择滑球作为下一个球种，进行室内模拟训练。,中,ANCHOR-20250907-007,已压缩,历史重构
2025-09-06 下午,MEM-20250907-008,PC-系统,规划,搜索学生会社团创建要求，起草游戏研究社建立邮件，提交申请。,高,ANCHOR-20250907-008,已压缩,历史重构
2025-09-06 傍晚,MEM-20250907-009,PC-系统,训练,傍晚健身和滑球训练，提升体能和投球技巧，持续进步。,中,,未压缩,历史重构
2025-09-06 晚上,MEM-20250907-010,PC-系统,例行,睡前例行公事，包括发布吉他视频和监控社交圈，维持形象。,低,,未压缩,历史重构
2025-09-07 上午,MEM-20250907-001,PC+清水结衣,情报分析,"分析清水结衣X账号历史，发现高度可控的""类人设""内容，更新策略为监听-破绽捕捉模式",中,ANCHOR-20250907-001,已压缩,历史重构
2025-09-07 上午,MEM-20250907-002,PC+星野遥,情报分析,调查星野遥X账号和学校公开信息，确认其全科第一和学生会改革经历，更新档案,中,ANCHOR-20250907-002,已压缩,历史重构
2025-09-07 上午,MEM-20250907-003,PC+佐藤美咲+藤井夏希,社交维护,回复佐藤早安和藤井摸摸头，维持稳定关系，埋下周末约会计时器,低,,未压缩,历史重构
2025-09-07 上午,MEM-20250907-004,PC,技能提升,进行英语模拟考试取得92分，制定超前自学计划，更新英语技能评级,低,,未压缩,历史重构
2025-09-07 上午,MEM-20250907-005,PC+高桥枫,项目规划,评估高桥枫Demo进度，制定游戏开发倒排时间表和风险管理策略,中,ANCHOR-20250907-003,已压缩,历史重构
2025-09-07 中午,MEM-20250907-006,PC+后宫成员,社交观察,健康午餐同时监控社交圈动态，清水结衣首次点赞非音乐内容,低,,未压缩,历史重构
2025-09-07 下午,MEM-20250907-007,PC,技能训练,研究棒球配球策略，确定滑球为下一武器，室内模拟握法和动作,低,,未压缩,历史重构
2025-09-07 下午,MEM-20250907-008,PC+星野遥,战略行动,研究学生会架构和社团成立要求，起草游戏研究社筹建战略邮件,高,ANCHOR-20250907-004,已压缩,历史重构
2025-09-07 夜晚,MEM-20250907-009,PC+清水结衣,社交互动,"发布吉他视频配文""想唱rock""，针对性吸引清水结衣注意",中,ANCHOR-20250907-005,已压缩,历史重构
2025-09-08午休,MEM-20250908-001,PC+山口樱子,谈判突破,棒球部达成国际交流预备员特殊条款，引入早坂茜,高,ANCHOR-20250908-001,已压缩,历史重构
2025-09-08傍晚,MEM-20250908-002,PC+高桥枫,关系突破,确立主板-CPU技术共生关系，建立Discord协作系统,高,ANCHOR-20250908-002,已压缩,历史重构
2025-09-08夜晚,MEM-20250908-003,PC+佐藤美咲+川上纱英+藤井夏希,战略展示,晚餐展现事业蓝图与个人潜力，三女受到不同程度震撼,高,ANCHOR-20250908-003,已压缩,历史重构
2025-09-08夜晚,MEM-20250908-004,PC+佐藤美咲,约定建立,确立每周五固定采购+学习行程，深化共犯信任,中,ANCHOR-20250908-004,已压缩,历史重构
2025-09-08夜晚,MEM-20250908-005,PC+藤井夏希,关系维护,护送回宿舍+亲昵动作，巩固被宠爱定位,中,,未压缩,历史重构
2025-09-08夜晚,MEM-20250908-006,PC+清水结衣,战略准备,歌房开嗓+Twitter发布，为轻音社vocal展示预热,中,,未压缩,历史重构
2025-9-9 早上,MEM-20250909-001,PC+川上纱英+佐藤美咲+藤井夏希+高桥枫,日常,PC完成晨间routine，关注川上破冰状态和高桥项目文件。,中,,未压缩,历史重构
2025-9-9 上午,MEM-20250909-002,PC+佐藤美咲+藤井夏希+川上纱英+高桥枫,社交,PC回复佐藤和藤井的LINE，与川上打招呼，参加班会了解学期信息。,中,,未压缩,历史重构
2025-9-9 上午,MEM-20250909-003,PC+佐藤美咲+川上纱英,学业,PC在英语和数学课展示能力，制定国语攻坚计划。,低,,未压缩,历史重构
2025-9-9 中午,MEM-20250909-004,PC+佐藤美咲+川上纱英+藤井夏希,社交,PC与三女共进午餐，稳定川上情绪，讨论创作和留白理论。,高,ANCHOR-20250909-001,已压缩,历史重构
2025-9-9 下午,MEM-20250909-005,PC+川上纱英,社交,PC在美术课后主动与川上交谈，达成周六写生约定，留下蓝色指印。,高,ANCHOR-20250909-001,已压缩,历史重构
2025-9-9 傍晚,MEM-20250909-006,PC+清水结衣+藤井夏希+石川太一+小林涉+杉山拓海,社团,PC在轻音社vocal测试展示多声线能力，与清水专业互动。,中,ANCHOR-20250909-002,已压缩,历史重构
2025-9-9 夜晚,MEM-20250909-007,PC+藤井夏希+清水结衣,社交,PC护送藤井回家，在录音街偶遇清水，交换私人Line，建立共犯关系。,高,ANCHOR-20250909-002,已压缩,历史重构
2025-9-9 睡前,MEM-20250909-008,PC,个人,PC反思灵魂融合异常，记录日记，监控社交媒体，发现清水点赞。,中,ANCHOR-20250909-003,已压缩,历史重构
2025-9-10 早上,MEM-20250910-001,PC,个人状态,记录异常梦境，发现灵魂融合异常现象，制定密码本计划,中,,未压缩,历史重构
2025-9-10 早上,MEM-20250910-002,PC+清水结衣+川上纱英,社交互动,处理社交动态，回复清水LINE，观察川上头像变化，发现LINE与Twitter人设反差,中,,未压缩,历史重构
2025-9-10 早上,MEM-20250910-003,PC+高桥枫,项目协作,解压高桥4.3GB项目资料，发现commit频率暴增300%，制定分析计划,低,,未压缩,历史重构
2025-9-10 上午,MEM-20250910-004,PC+川上纱英,关系深化,走廊偶遇川上，确认周六写生约定，关系自然升温,高,ANCHOR-20250910-001,已压缩,历史重构
2025-9-10 上午,MEM-20250910-005,PC+佐藤美咲,关系约定,邀请佐藤周六采购棒球装备，形成固定约会模式,中,ANCHOR-20250910-002,已压缩,历史重构
2025-9-10 中午,MEM-20250910-006,PC+三女+星野遥,社交观察,午餐时间与三女互动，询问星野信息，发现川上蓝色颜料痕迹,高,ANCHOR-20250910-003,已压缩,历史重构
2025-9-10 下午,MEM-20250910-007,PC+早坂茜,角色引入,棒球社室内训练首次见面，建立健康管理连接，制定三周训练计划,高,ANCHOR-20250910-004,已压缩,历史重构
2025-9-10 傍晚,MEM-20250910-008,PC+棒球社核心,社团融入,与教练、ACE、捕手建立信任关系，明确中继投手定位,中,ANCHOR-20250910-005,已压缩,历史重构
2025-9-10 夜晚,MEM-20250910-009,PC+早坂茜,专业合作,深度健康管理约定，数据共享，安排周六诊所体检,高,ANCHOR-20250910-006,已压缩,历史重构
2025-9-10 夜晚,MEM-20250910-010,PC+高桥枫,项目分析,完成Demo项目技术分析，发现功能蔓延和性能问题,中,,未压缩,历史重构
